registro_universitario,nombres,apellidos,correo,carrera,semestre,modalidad,cohorte
RU-2026-00003,Nombre1,Apellido1,estudiante1@ejemplo.local,Ingeniería de Sistemas,2,PG,G2-2026-09
RU-2026-00004,Nombre2,Apellido2,estudiante2@ejemplo.local,Ingeniería de Sistemas,3,PG,G2-2026-09
RU-2026-00005,Nombre3,Apellido3,estudiante3@ejemplo.local,Ingeniería de Sistemas,4,PG,G2-2026-09
RU-2026-00006,Nombre4,Apellido4,estudiante4@ejemplo.local,Ingeniería de Sistemas,5,PG,G2-2026-09
RU-2026-00007,Nombre5,Apellido5,estudiante5@ejemplo.local,Ingeniería de Sistemas,6,PG,G2-2026-09
RU-2026-00008,Nombre6,Apellido6,estudiante6@ejemplo.local,Ingeniería de Sistemas,7,PG,G2-2026-09
RU-2026-00009,Nombre7,Apellido7,estudiante7@ejemplo.local,Ingeniería de Sistemas,8,PG,G2-2026-09
RU-2026-00010,Nombre8,Apellido8,estudiante8@ejemplo.local,Ingeniería de Sistemas,9,PG,G2-2026-09
RU-2026-00011,Nombre9,Apellido9,estudiante9@ejemplo.local,Ingeniería de Sistemas,1,PG,G2-2026-09
RU-2026-00012,Nombre10,Apellido10,estudiante10@ejemplo.local,Ingeniería de Sistemas,2,PG,G2-2026-09
RU-2026-00013,Nombre11,Apellido11,estudiante11@ejemplo.local,Ingeniería de Sistemas,3,PG,G2-2026-09
RU-2026-00014,Nombre12,Apellido12,estudiante12@ejemplo.local,Ingeniería de Sistemas,4,PG,G2-2026-09
RU-2026-00015,Nombre13,Apellido13,estudiante13@ejemplo.local,Ingeniería de Sistemas,5,PG,G2-2026-09
RU-2026-00016,Nombre14,Apellido14,estudiante14@ejemplo.local,Ingeniería de Sistemas,6,PG,G2-2026-09
RU-2026-00017,Nombre15,Apellido15,estudiante15@ejemplo.local,Ingeniería de Sistemas,7,PG,G2-2026-09
RU-2026-00018,Nombre16,Apellido16,estudiante16@ejemplo.local,Ingeniería de Sistemas,8,PG,G2-2026-09
RU-2026-00019,Nombre17,Apellido17,estudiante17@ejemplo.local,Ingeniería de Sistemas,9,PG,G2-2026-09
RU-2026-00020,Nombre18,Apellido18,estudiante18@ejemplo.local,Ingeniería de Sistemas,1,PG,G2-2026-09
RU-2026-00021,Nombre19,Apellido19,estudiante19@ejemplo.local,Ingeniería de Sistemas,2,PG,G2-2026-09
RU-2026-00022,Nombre20,Apellido20,estudiante20@ejemplo.local,Ingeniería de Sistemas,3,PG,G2-2026-09
RU-2026-00023,Nombre21,Apellido21,estudiante21@ejemplo.local,Ingeniería de Sistemas,4,PG,G2-2026-09
RU-2026-00024,Nombre22,Apellido22,estudiante22@ejemplo.local,Ingeniería de Sistemas,5,PG,G2-2026-09
RU-2026-00025,Nombre23,Apellido23,estudiante23@ejemplo.local,Ingeniería de Sistemas,6,PG,G2-2026-09
RU-2026-00026,Nombre24,Apellido24,estudiante24@ejemplo.local,Ingeniería de Sistemas,7,PG,G2-2026-09
RU-2026-00027,Nombre25,Apellido25,estudiante25@ejemplo.local,Ingeniería de Sistemas,8,PG,G2-2026-09
RU-2026-00028,Nombre26,Apellido26,estudiante26@ejemplo.local,Ingeniería de Sistemas,9,PG,G2-2026-09
RU-2026-00029,Nombre27,Apellido27,estudiante27@ejemplo.local,Ingeniería de Sistemas,1,PG,G2-2026-09
RU-2026-00030,Nombre28,Apellido28,estudiante28@ejemplo.local,Ingeniería de Sistemas,2,PG,G2-2026-09
RU-2026-00031,Nombre29,Apellido29,estudiante29@ejemplo.local,Ingeniería de Sistemas,3,PG,G2-2026-09
RU-2026-00032,Nombre30,Apellido30,estudiante30@ejemplo.local,Ingeniería de Sistemas,4,PG,G2-2026-09
RU-2026-00033,Nombre31,Apellido31,estudiante31@ejemplo.local,Ingeniería de Sistemas,5,PG,G2-2026-09
RU-2026-00034,Nombre32,Apellido32,estudiante32@ejemplo.local,Ingeniería de Sistemas,6,PG,G2-2026-09
RU-2026-00035,Nombre33,Apellido33,estudiante33@ejemplo.local,Ingeniería de Sistemas,7,PG,G2-2026-09
RU-2026-00036,Nombre34,Apellido34,estudiante34@ejemplo.local,Ingeniería de Sistemas,8,PG,G2-2026-09
RU-2026-00037,Nombre35,Apellido35,estudiante35@ejemplo.local,Ingeniería de Sistemas,9,PG,G2-2026-09
RU-2026-00038,Nombre36,Apellido36,estudiante36@ejemplo.local,Ingeniería de Sistemas,1,PG,G2-2026-09
RU-2026-00039,Nombre37,Apellido37,estudiante37@ejemplo.local,Ingeniería de Sistemas,2,PG,G2-2026-09
RU-2026-00040,Nombre38,Apellido38,estudiante38@ejemplo.local,Ingeniería de Sistemas,3,PG,G2-2026-09
RU-2026-00041,Nombre39,Apellido39,estudiante39@ejemplo.local,Ingeniería de Sistemas,4,PG,G2-2026-09
RU-2026-00042,Nombre40,Apellido40,estudiante40@ejemplo.local,Ingeniería de Sistemas,5,PG,G2-2026-09
RU-2026-00043,Nombre41,Apellido41,estudiante41@ejemplo.local,Ingeniería de Sistemas,6,PG,G2-2026-09
RU-2026-00044,Nombre42,Apellido42,estudiante42@ejemplo.local,Ingeniería de Sistemas,7,PG,G2-2026-09
RU-2026-00045,Nombre43,Apellido43,estudiante43@ejemplo.local,Ingeniería de Sistemas,8,PG,G2-2026-09
RU-2026-00046,Nombre44,Apellido44,estudiante44@ejemplo.local,Ingeniería de Sistemas,9,PG,G2-2026-09
RU-2026-00047,Nombre45,Apellido45,estudiante45@ejemplo.local,Ingeniería de Sistemas,1,PG,G2-2026-09
RU-ERROR-46,Nombre46,Apellido46,estudiante46@ejemplo.local,Ingeniería de Sistemas,2,PG,G2-2026-09
RU-ERROR-47,Nombre47,Apellido47,estudiante47@ejemplo.local,Ingeniería de Sistemas,3,PG,G2-2026-09
RU-ERROR-48,Nombre48,Apellido48,estudiante48@ejemplo.local,Ingeniería de Sistemas,4,MODALIDAD_INEXISTENTE,G2-2026-09
RU-ERROR-49,Nombre49,Apellido49,estudiante49@ejemplo.local,Ingeniería de Sistemas,5,PG,COHORTE_INEXISTENTE
RU-ERROR-50,Nombre50,Apellido50,estudiante50@ejemplo.local,Ingeniería de Sistemas,6,PG,G2-2026-09
